"Path","Platform","Compiled","Cooked","Permutations","Compiletime","CompiledDouble","CookedDouble"
"Globals","0","33","0","1","0.000000","0","0"
"/ControlRig/Controls/ControlRigGizmoMaterial.ControlRigGizmoMaterial","0","2","2","1","4.011145","0","2"
"/Engine/EngineMaterials/DefaultTextMaterialOpaque.DefaultTextMaterialOpaque","0","14","16","1","28.778879","0","16"
"/Engine/EngineMaterials/M_InvalidLightmapSettings.M_InvalidLightmapSettings","0","6","6","1","11.285538","0","6"
"/Engine/EngineMaterials/EmissiveMeshMaterial.EmissiveMeshMaterial","0","10","10","1","15.652160","0","10"
"/Niagara/DefaultAssets/M_Gnomon.M_Gnomon","0","6","6","1","10.352519","0","6"
"/Niagara/DefaultAssets/M_Gnomon_Alpha.M_Gnomon_Alpha","0","6","6","1","9.583450","0","6"
"/Engine/EditorMaterials/PhAT_UnselectedMaterial.PhAT_UnselectedMaterial","0","3","3","1","2.681657","0","3"
"/Engine/EditorMaterials/PhAT_NoCollisionMaterial.PhAT_NoCollisionMaterial","0","3","3","1","2.318061","0","3"
"/MeshModelingToolset/Materials/M_DynamicMeshComponentVtxColor.M_DynamicMeshComponentVtxColor","0","7","9","1","19.496614","0","9"
"/Engine/EngineDebugMaterials/DebugEditorMaterial.DebugEditorMaterial","0","5","6","1","10.856451","0","6"
"/Engine/EngineSky/VolumetricClouds/m_SimpleVolumetricCloud.m_SimpleVolumetricCloud","0","88","88","1","1692.570435","0","88"
"","0","1","0","1","0.000000","1","0"
"/Game/UEStaff/StarterContent/Materials/M_Wood_Pine.M_Wood_Pine","0","6","6","1","5.910234","0","6"
"/Engine/EditorMaterials/PreviewShadowIndicatorMaterial.PreviewShadowIndicatorMaterial","0","25","25","1","11.839303","0","25"
"/InterchangeAssets/gltf/M_SpecularGlossiness.M_SpecularGlossiness","0","102","112","6","349.098541","0","112"
"/InterchangeAssets/gltf/M_ClearCoat.M_ClearCoat","0","110","128","6","217.010193","0","128"
"/InterchangeAssets/gltf/M_Sheen.M_Sheen","0","102","112","6","195.500046","0","112"
"/InterchangeAssets/gltf/M_Default.M_Default","0","124","146","7","320.656250","0","146"
"/Engine/EngineMaterials/PPM_DefaultCalibrationColor.PPM_DefaultCalibrationColor","0","5","5","1","2.113216","0","5"
"/Engine/EngineMaterials/PPM_DefaultCalibrationGrayscale.PPM_DefaultCalibrationGrayscale","0","5","5","1","1.479595","0","5"
"/Paper2D/DefaultSpriteMaterial.DefaultSpriteMaterial","0","36","42","2","40.448792","0","42"
"/Game/UEStaff/StarterContent/Materials/M_Tech_Hex_Tile.M_Tech_Hex_Tile","0","6","6","1","5.928010","0","6"
"/Game/UEStaff/StarterContent/Materials/M_Wood_Oak.M_Wood_Oak","0","6","6","1","6.630312","0","6"
"/Game/UEStaff/StarterContent/Materials/M_Ground_Moss.M_Ground_Moss","0","6","6","1","8.021626","0","6"
"/Engine/EngineMaterials/Widget3DPassThrough.Widget3DPassThrough","0","41","46","6","36.170341","0","46"
"/Engine/VREditor/SnapGrid/SnapGridMaterial.SnapGridMaterial","0","10","10","1","10.715688","0","10"
"/AudioWidgets/AudioMaterialSlate/M_AudioMaterialMeter.M_AudioMaterialMeter","0","13","13","1","6.132096","0","13"
"/AudioWidgets/AudioMaterialSlate/M_AudioMaterialRoundedSlider.M_AudioMaterialRoundedSlider","0","23","25","1","17.845333","0","25"
"/AudioWidgets/AudioMaterialSlate/M_AudioMaterialEnvelope_ADSR.M_AudioMaterialEnvelope_ADSR","0","23","25","1","20.322561","0","25"
"/AudioWidgets/AudioMaterialSlate/M_AudioMaterialKnob.M_AudioMaterialKnob","0","13","13","1","6.877212","0","13"
"/AudioWidgets/AudioMaterialSlate/M_AudioMaterialToggleButton.M_AudioMaterialToggleButton","0","13","13","1","6.446721","0","13"
"/SpeedTreeImporter/SpeedTree9/SpeedTreeBillboardMaster.SpeedTreeBillboardMaster","0","28","32","1","45.948269","0","32"
"/SpeedTreeImporter/SpeedTree9/SpeedTreeMaster.SpeedTreeMaster","0","28","32","1","49.322254","0","32"
"/InterchangeAssets/gltf/M_Unlit.M_Unlit","0","82","92","6","80.093979","0","92"
"/Engine/EngineMaterials/GizmoMaterial.GizmoMaterial","0","5","6","1","4.795442","0","6"
"/Engine/EngineDebugMaterials/DebugMeshMaterial.DebugMeshMaterial","0","5","5","1","4.214632","0","5"
"/Engine/EngineMaterials/RemoveSurfaceMaterial.RemoveSurfaceMaterial","0","2","2","1","1.855524","0","2"
"/Engine/EngineMaterials/NaniteHiddenSectionMaterial.NaniteHiddenSectionMaterial","0","12","14","1","14.920905","0","14"
"/Engine/EditorMaterials/Dataflow/DataflowTwoSidedVertexMaterial.DataflowTwoSidedVertexMaterial","0","12","14","1","19.671265","0","14"
"/Engine/EditorMaterials/Dataflow/DataflowVertexMaterial.DataflowVertexMaterial","0","6","6","1","4.737766","0","6"
"/Engine/BasicShapes/BasicShapeMaterial.BasicShapeMaterial","0","9","9","1","8.430113","0","9"
"/InterchangeAssets/gltf/M_Transmission.M_Transmission","0","28","28","2","497.228333","0","28"
"/HairStrands/Materials/HairMeshesDefaultMaterial.HairMeshesDefaultMaterial","0","33","36","1","29.120972","0","36"
"/Game/Models/World/zakaz-1000_Mat.zakaz-1000_Mat","0","14","16","1","18.118607","0","16"
"/Game/Models/World/zoltywykrzyknik-1000_Mat.zoltywykrzyknik-1000_Mat","0","14","16","1","0.000000","0","16"
"/HairStrands/Materials/HairDefaultMaterial.HairDefaultMaterial","0","33","36","1","0.000000","0","36"
"/Engine/EditorLandscapeResources/SplineEditorMeshMat.SplineEditorMeshMat","0","10","12","1","14.179961","0","12"
"/Engine/EngineDebugMaterials/M_SimpleUnlitTranslucent.M_SimpleUnlitTranslucent","0","3","3","1","1.073187","0","3"
"/Engine/EditorMaterials/Camera/CineMat.CineMat","0","6","6","1","7.925555","0","6"
"/Engine/VREditor/TransformGizmo/TranslucentTransformGizmoMaterial.TranslucentTransformGizmoMaterial","0","3","3","1","1.134053","0","3"
"/Engine/VREditor/TransformGizmo/Xray.Xray","0","3","3","1","2.280255","0","3"
"/Engine/VREditor/TransformGizmo/Main.Main","0","3","3","1","1.459375","0","3"
"/Game/Materials/acid/Acid.Acid","0","12","12","1","15.417426","0","12"
"/Engine/EngineSky/M_Sky_Panning_Clouds2.M_Sky_Panning_Clouds2","0","2","2","1","1.996805","0","2"
"/Engine/EngineSky/M_SimpleSkyDome.M_SimpleSkyDome","0","2","2","1","2.278822","0","2"
"/Game/Materials/Materia?y/Texture_lowpoly_floor1.Texture_lowpoly_floor1","0","3","3","1","3.268488","0","3"
"/Game/Materials/Materia?y/glow_lamp.glow_lamp","0","3","3","1","5.600368","0","3"
"/Game/UEStaff/LevelPrototyping/Materials/M_PrototypeGrid.M_PrototypeGrid","0","6","6","2","16.053356","0","6"
"/Game/Materials/Materia?y/Texture_brick_lowpoly_walls2.Texture_brick_lowpoly_walls2","0","3","3","1","4.669525","0","3"
"/Game/Models/Spider/Material_003.Material_003","0","6","6","1","9.049736","0","6"
"/Game/Models/Spider/Material.Material","0","6","6","1","6.237803","0","6"
"/ControlRig/Controls/ControlRigXRayMaterial.ControlRigXRayMaterial","0","6","7","1","4.650026","0","7"
"/HairStrands/Materials/HairCardsDefaultMaterial.HairCardsDefaultMaterial","0","57","63","1","48.573971","0","63"
"/Engine/EngineMaterials/DefaultLightFunctionMaterial.DefaultLightFunctionMaterial","0","25","25","1","11.870506","0","25"
"/Engine/EngineDebugMaterials/M_VolumeRenderSphereTracePP.M_VolumeRenderSphereTracePP","0","5","5","1","2.330362","0","5"
"/Niagara/DefaultAssets/DefaultSpriteMaterial.DefaultSpriteMaterial","0","30","35","1","30.523945","0","35"
"/ControlRig/M_Manip.M_Manip","0","6","7","1","5.933422","0","7"
"/Engine/EngineMaterials/PhAT_JointLimitMaterial.PhAT_JointLimitMaterial","0","6","7","1","6.382032","0","7"
"/Game/ThirdPerson/Projectails/Invinsible.Invinsible","0","13","13","1","4.675923","0","13"
"/Engine/EngineMaterials/FlattenMaterial_WS_Normal_VT.FlattenMaterial_WS_Normal_VT","0","6","6","1","5.194318","0","6"
"/Engine/EngineMaterials/FlattenMaterial_VT.FlattenMaterial_VT","0","6","6","1","3.879215","0","6"
"/Engine/VREditor/TransformGizmo/TransformGizmoMaterial.TransformGizmoMaterial","0","2","2","1","1.584770","0","2"
"/HairStrands/Materials/HairDebugMaterial.HairDebugMaterial","0","57","63","1","49.742634","0","63"
"/Engine/EngineMaterials/FlattenMaterial.FlattenMaterial","0","9","9","1","2.741401","0","9"
"/Engine/EngineMaterials/DefaultPostProcessMaterial.DefaultPostProcessMaterial","0","7","7","1","2.574661","0","7"
"/Engine/EngineMaterials/DefaultMaterial.DefaultMaterial","0","24","24","1","21.307615","0","24"
"/Engine/EngineMaterials/DefaultDeferredDecalMaterial.DefaultDeferredDecalMaterial","0","33","33","1","35.040901","0","33"
"/Engine/EngineMaterials/WorldGridMaterial.WorldGridMaterial","0","333","0","1","0.000000","0","0"
"Globals","49","10300","0","1","0.000000","0","0"
"/ControlRig/Controls/ControlRigGizmoMaterial.ControlRigGizmoMaterial","49","7","7","1","6.943412","0","7"
"","49","64","0","1","0.000000","65","0"
"/Engine/EditorMaterials/PhAT_UnselectedMaterial.PhAT_UnselectedMaterial","49","8","8","1","15.401991","0","8"
"/MeshModelingToolset/Materials/M_DynamicMeshComponentVtxColor.M_DynamicMeshComponentVtxColor","49","12","14","1","21.307312","0","14"
"/Engine/EditorMaterials/PhAT_NoCollisionMaterial.PhAT_NoCollisionMaterial","49","8","8","1","10.890440","0","8"
"/Engine/EngineDebugMaterials/DebugEditorMaterial.DebugEditorMaterial","49","10","11","1","9.425408","0","11"
"/Engine/EngineMaterials/NaniteHiddenSectionMaterial.NaniteHiddenSectionMaterial","49","19","21","1","16.432076","0","21"
"/Engine/EngineMaterials/GizmoMaterial.GizmoMaterial","49","10","11","1","6.647360","0","11"
"/Engine/EngineDebugMaterials/DebugMeshMaterial.DebugMeshMaterial","49","10","10","1","7.592245","0","10"
"/Engine/EngineMaterials/RemoveSurfaceMaterial.RemoveSurfaceMaterial","49","7","7","1","2.200757","0","7"
"/Engine/EditorMaterials/Dataflow/DataflowTwoSidedVertexMaterial.DataflowTwoSidedVertexMaterial","49","17","19","1","17.907969","0","19"
"/Engine/EditorMaterials/Dataflow/DataflowVertexMaterial.DataflowVertexMaterial","49","11","11","1","8.353547","0","11"
"/Engine/BasicShapes/BasicShapeMaterial.BasicShapeMaterial","49","27","27","1","49.566536","0","27"
"/HairStrands/Materials/HairDefaultMaterial.HairDefaultMaterial","49","42","45","1","84.100616","0","45"
"/Engine/EditorLandscapeResources/SplineEditorMeshMat.SplineEditorMeshMat","49","22","24","1","53.126480","0","24"
"/Engine/EngineDebugMaterials/M_SimpleUnlitTranslucent.M_SimpleUnlitTranslucent","49","8","8","1","14.008600","0","8"
"/Engine/EditorMaterials/Camera/CineMat.CineMat","49","14","14","1","15.526579","0","14"
"/Engine/VREditor/TransformGizmo/TranslucentTransformGizmoMaterial.TranslucentTransformGizmoMaterial","49","8","8","1","13.976978","0","8"
"/Engine/VREditor/TransformGizmo/Xray.Xray","49","8","8","1","12.616221","0","8"
"/Engine/VREditor/TransformGizmo/Main.Main","49","8","8","1","14.582400","0","8"
"/Engine/EngineMaterials/DefaultLightFunctionMaterial.DefaultLightFunctionMaterial","49","67","67","1","77.129578","0","67"
"/ControlRig/Controls/ControlRigXRayMaterial.ControlRigXRayMaterial","49","11","12","1","13.255995","0","12"
"/HairStrands/Materials/HairMeshesDefaultMaterial.HairMeshesDefaultMaterial","49","42","45","1","0.000000","0","45"
"/HairStrands/Materials/HairCardsDefaultMaterial.HairCardsDefaultMaterial","49","72","78","1","78.495071","0","78"
"/Niagara/DefaultAssets/DefaultSpriteMaterial.DefaultSpriteMaterial","49","41","46","1","34.441818","0","46"
"/Engine/EngineMaterials/PhAT_JointLimitMaterial.PhAT_JointLimitMaterial","49","11","12","1","14.173451","0","12"
"/ControlRig/M_Manip.M_Manip","49","11","12","1","10.902220","0","12"
"/Paper2D/DefaultSpriteMaterial.DefaultSpriteMaterial","49","56","62","2","58.992290","0","62"
"/Game/ThirdPerson/Projectails/Invinsible.Invinsible","49","15","15","1","5.677825","0","15"
"/Engine/EngineMaterials/FlattenMaterial_WS_Normal_VT.FlattenMaterial_WS_Normal_VT","49","16","16","1","34.598064","0","16"
"/Engine/EngineMaterials/FlattenMaterial_VT.FlattenMaterial_VT","49","16","16","1","30.245773","0","16"
"/Engine/EngineMaterials/FlattenMaterial.FlattenMaterial","49","22","22","1","23.520800","0","22"
"/Engine/EngineMaterials/M_InvalidLightmapSettings.M_InvalidLightmapSettings","49","16","16","1","24.547977","0","16"
"/Engine/EngineMaterials/EmissiveMeshMaterial.EmissiveMeshMaterial","49","17","17","1","18.780357","0","17"
"/Niagara/DefaultAssets/M_Gnomon.M_Gnomon","49","13","13","1","9.442412","0","13"
"/Niagara/DefaultAssets/M_Gnomon_Alpha.M_Gnomon_Alpha","49","13","13","1","17.638304","0","13"
"/Engine/EngineMaterials/DefaultPostProcessMaterial.DefaultPostProcessMaterial","49","9","9","1","5.891234","0","9"
"/Engine/EngineMaterials/DefaultDeferredDecalMaterial.DefaultDeferredDecalMaterial","49","40","40","1","38.339252","0","40"
"/Engine/EngineMaterials/WorldGridMaterial.WorldGridMaterial","49","993","1016","1","1565.864868","0","0"
"/Game/Materials/acid/Acid.Acid","49","19","19","1","24.884424","0","19"
"/Engine/EditorMaterials/PreviewShadowIndicatorMaterial.PreviewShadowIndicatorMaterial","49","67","67","1","38.320457","0","67"
"/Engine/EngineMaterials/DefaultTextMaterialOpaque.DefaultTextMaterialOpaque","49","21","23","1","9.240788","0","23"
"/Engine/VREditor/TransformGizmo/TransformGizmoMaterial.TransformGizmoMaterial","49","7","7","1","5.983614","0","7"
"/Engine/EngineDebugMaterials/M_VolumeRenderSphereTracePP.M_VolumeRenderSphereTracePP","49","7","7","1","8.277454","0","7"
"/Engine/EngineMaterials/Widget3DPassThrough.Widget3DPassThrough","49","75","80","6","99.221840","0","80"
"/HairStrands/Materials/HairDebugMaterial.HairDebugMaterial","49","72","78","1","118.523270","0","78"
"/Engine/EngineSky/VolumetricClouds/m_SimpleVolumetricCloud.m_SimpleVolumetricCloud","49","92","92","1","0.000000","0","92"
"/Game/Models/Spider/Material.Material","49","11","11","1","12.169492","0","11"
"/Game/Models/Spider/Material_003.Material_003","49","11","11","1","10.594400","0","11"
"/Game/UEStaff/StarterContent/Materials/M_Tech_Hex_Tile.M_Tech_Hex_Tile","49","11","11","1","9.971971","0","11"
"/Game/UEStaff/StarterContent/Materials/M_Wood_Oak.M_Wood_Oak","49","16","16","1","30.929665","0","16"
"/Game/UEStaff/StarterContent/Materials/M_Ground_Moss.M_Ground_Moss","49","11","11","1","12.553390","0","11"
"/Engine/VREditor/SnapGrid/SnapGridMaterial.SnapGridMaterial","49","18","18","1","46.783035","0","18"
"/AudioWidgets/AudioMaterialSlate/M_AudioMaterialMeter.M_AudioMaterialMeter","49","15","15","1","20.569231","0","15"
"/AudioWidgets/AudioMaterialSlate/M_AudioMaterialRoundedSlider.M_AudioMaterialRoundedSlider","49","27","29","1","43.615391","0","29"
"/AudioWidgets/AudioMaterialSlate/M_AudioMaterialEnvelope_ADSR.M_AudioMaterialEnvelope_ADSR","49","27","29","1","44.403137","0","29"
"/AudioWidgets/AudioMaterialSlate/M_AudioMaterialKnob.M_AudioMaterialKnob","49","15","15","1","23.412178","0","15"
"/AudioWidgets/AudioMaterialSlate/M_AudioMaterialToggleButton.M_AudioMaterialToggleButton","49","15","15","1","20.751026","0","15"
"/SpeedTreeImporter/SpeedTree9/SpeedTreeBillboardMaster.SpeedTreeBillboardMaster","49","42","46","1","102.516945","0","46"
"/SpeedTreeImporter/SpeedTree9/SpeedTreeMaster.SpeedTreeMaster","49","42","46","1","114.531235","0","46"
"/InterchangeAssets/gltf/M_Unlit.M_Unlit","49","202","212","6","708.992432","0","212"
"/InterchangeAssets/gltf/M_Transmission.M_Transmission","49","54","54","2","258.547668","0","54"
"/Engine/EngineMaterials/PPM_DefaultCalibrationColor.PPM_DefaultCalibrationColor","49","7","7","1","8.130384","0","7"
"/Engine/EngineMaterials/PPM_DefaultCalibrationGrayscale.PPM_DefaultCalibrationGrayscale","49","7","7","1","9.955128","0","7"
"/Engine/EngineMaterials/DefaultMaterial.DefaultMaterial","49","45","45","1","49.347225","0","45"
"/InterchangeAssets/gltf/M_Default.M_Default","49","258","280","7","563.918274","0","280"
"/InterchangeAssets/gltf/M_ClearCoat.M_ClearCoat","49","164","182","6","416.611786","0","182"
"/InterchangeAssets/gltf/M_Sheen.M_Sheen","49","156","166","6","370.547394","0","166"
"/InterchangeAssets/gltf/M_SpecularGlossiness.M_SpecularGlossiness","49","156","166","6","307.005737","0","166"
"/Game/Models/World/zakaz-1000_Mat.zakaz-1000_Mat","49","46","48","1","76.330032","0","48"
"/Game/Models/World/zoltywykrzyknik-1000_Mat.zoltywykrzyknik-1000_Mat","49","46","48","1","0.000000","0","48"
"/Engine/EngineSky/M_SimpleSkyDome.M_SimpleSkyDome","49","7","7","1","2.411533","0","7"
"/Game/Materials/Materia?y/Texture_lowpoly_floor1.Texture_lowpoly_floor1","49","13","13","1","17.110254","0","13"
"/Game/Materials/Materia?y/glow_lamp.glow_lamp","49","13","13","1","11.015248","0","13"
"/Game/UEStaff/LevelPrototyping/Materials/M_PrototypeGrid.M_PrototypeGrid","49","16","16","2","7.443937","0","16"
"/Game/Materials/Materia?y/Texture_brick_lowpoly_walls2.Texture_brick_lowpoly_walls2","49","13","13","1","11.378207","0","13"
"/Engine/EngineSky/M_Sky_Panning_Clouds2.M_Sky_Panning_Clouds2","49","7","7","1","2.524930","0","7"
"/Game/UEStaff/StarterContent/Materials/M_Wood_Pine.M_Wood_Pine","49","18","18","1","0.000000","0","18"
